epoch,acc,loss,val_acc,val_loss
0,0.525,1.1618611478805543,0.1875,1.8601643017360143
1,0.83,0.523876765370369,0.19642857,1.904181752886091
2,0.885,0.3797575026750565,0.20535715,2.0057426350457326
3,0.93,0.26688734978437423,0.1875,2.0478714363915578
4,0.9575,0.19219980731606484,0.21428572,1.9636613811765398
