epoch,acc,loss,val_acc,val_loss
0,0.515,1.1849748122692108,0.09821428,1.8328207390648978
1,0.8225,0.5311422657966614,0.10714286,1.9612047161374773
